Indicador;Sexo, grupo de edad y nivel de estudios;periodo;Total
EMPLEO VINCULADO AL DEPORTE: Valores absolutos (En miles);TOTAL;2025;270,2
EMPLEO VINCULADO AL DEPORTE: Valores absolutos (En miles);TOTAL;2024;255,0
EMPLEO VINCULADO AL DEPORTE: Valores absolutos (En miles);TOTAL;2023;246,7
EMPLEO VINCULADO AL DEPORTE: Valores absolutos (En miles);TOTAL;2022;234,6
EMPLEO VINCULADO AL DEPORTE: Valores absolutos (En miles);TOTAL;2021;222,9
EMPLEO VINCULADO AL DEPORTE: Valores absolutos (En miles);TOTAL;2020;200,8
EMPLEO VINCULADO AL DEPORTE: Valores absolutos (En miles);TOTAL;2019;219,9
EMPLEO VINCULADO AL DEPORTE: Valores absolutos (En miles);TOTAL;2018;214,1
EMPLEO VINCULADO AL DEPORTE: Valores absolutos (En miles);TOTAL;2017;203,3
EMPLEO VINCULADO AL DEPORTE: Valores absolutos (En miles);TOTAL;2016;194,0
EMPLEO VINCULADO AL DEPORTE: Valores absolutos (En miles);TOTAL;2015;184,6
EMPLEO VINCULADO AL DEPORTE: Valores absolutos (En miles);TOTAL;2014;189,4
EMPLEO VINCULADO AL DEPORTE: Valores absolutos (En miles);TOTAL;2013;164,6
EMPLEO VINCULADO AL DEPORTE: Valores absolutos (En miles);TOTAL;2012;160,9
EMPLEO VINCULADO AL DEPORTE: Valores absolutos (En miles);TOTAL;2011;150,5
EMPLEO VINCULADO AL DEPORTE: Valores absolutos (En miles);Hombres;2025;164,5
EMPLEO VINCULADO AL DEPORTE: Valores absolutos (En miles);Hombres;2024;152,6
EMPLEO VINCULADO AL DEPORTE: Valores absolutos (En miles);Hombres;2023;148,3
EMPLEO VINCULADO AL DEPORTE: Valores absolutos (En miles);Hombres;2022;135,6
EMPLEO VINCULADO AL DEPORTE: Valores absolutos (En miles);Hombres;2021;124,6
EMPLEO VINCULADO AL DEPORTE: Valores absolutos (En miles);Hombres;2020;121,2
EMPLEO VINCULADO AL DEPORTE: Valores absolutos (En miles);Hombres;2019;130,4
EMPLEO VINCULADO AL DEPORTE: Valores absolutos (En miles);Hombres;2018;124,1
EMPLEO VINCULADO AL DEPORTE: Valores absolutos (En miles);Hombres;2017;119,4
EMPLEO VINCULADO AL DEPORTE: Valores absolutos (En miles);Hombres;2016;118,1
EMPLEO VINCULADO AL DEPORTE: Valores absolutos (En miles);Hombres;2015;106,0
EMPLEO VINCULADO AL DEPORTE: Valores absolutos (En miles);Hombres;2014;102,6
EMPLEO VINCULADO AL DEPORTE: Valores absolutos (En miles);Hombres;2013;90,9
EMPLEO VINCULADO AL DEPORTE: Valores absolutos (En miles);Hombres;2012;94,7
EMPLEO VINCULADO AL DEPORTE: Valores absolutos (En miles);Hombres;2011;93,4
EMPLEO VINCULADO AL DEPORTE: Valores absolutos (En miles);Mujeres;2025;105,7
EMPLEO VINCULADO AL DEPORTE: Valores absolutos (En miles);Mujeres;2024;102,4
EMPLEO VINCULADO AL DEPORTE: Valores absolutos (En miles);Mujeres;2023;98,4
EMPLEO VINCULADO AL DEPORTE: Valores absolutos (En miles);Mujeres;2022;98,9
EMPLEO VINCULADO AL DEPORTE: Valores absolutos (En miles);Mujeres;2021;98,4
EMPLEO VINCULADO AL DEPORTE: Valores absolutos (En miles);Mujeres;2020;79,6
EMPLEO VINCULADO AL DEPORTE: Valores absolutos (En miles);Mujeres;2019;89,4
EMPLEO VINCULADO AL DEPORTE: Valores absolutos (En miles);Mujeres;2018;90,0
EMPLEO VINCULADO AL DEPORTE: Valores absolutos (En miles);Mujeres;2017;83,8
EMPLEO VINCULADO AL DEPORTE: Valores absolutos (En miles);Mujeres;2016;75,9
EMPLEO VINCULADO AL DEPORTE: Valores absolutos (En miles);Mujeres;2015;78,6
EMPLEO VINCULADO AL DEPORTE: Valores absolutos (En miles);Mujeres;2014;86,7
EMPLEO VINCULADO AL DEPORTE: Valores absolutos (En miles);Mujeres;2013;73,7
EMPLEO VINCULADO AL DEPORTE: Valores absolutos (En miles);Mujeres;2012;66,1
EMPLEO VINCULADO AL DEPORTE: Valores absolutos (En miles);Mujeres;2011;57,1
EMPLEO VINCULADO AL DEPORTE: Valores absolutos (En miles);De 16 a 24 ańos;2025;77,1
EMPLEO VINCULADO AL DEPORTE: Valores absolutos (En miles);De 16 a 24 ańos;2024;72,3
EMPLEO VINCULADO AL DEPORTE: Valores absolutos (En miles);De 16 a 24 ańos;2023;67,8
EMPLEO VINCULADO AL DEPORTE: Valores absolutos (En miles);De 16 a 24 ańos;2022;52,5
EMPLEO VINCULADO AL DEPORTE: Valores absolutos (En miles);De 16 a 24 ańos;2021;37,8
EMPLEO VINCULADO AL DEPORTE: Valores absolutos (En miles);De 16 a 24 ańos;2020;31,2
EMPLEO VINCULADO AL DEPORTE: Valores absolutos (En miles);De 16 a 24 ańos;2019;43,6
EMPLEO VINCULADO AL DEPORTE: Valores absolutos (En miles);De 16 a 24 ańos;2018;42,1
EMPLEO VINCULADO AL DEPORTE: Valores absolutos (En miles);De 16 a 24 ańos;2017;37,2
EMPLEO VINCULADO AL DEPORTE: Valores absolutos (En miles);De 16 a 24 ańos;2016;36,9
EMPLEO VINCULADO AL DEPORTE: Valores absolutos (En miles);De 16 a 24 ańos;2015;32,9
EMPLEO VINCULADO AL DEPORTE: Valores absolutos (En miles);De 16 a 24 ańos;2014;33,2
EMPLEO VINCULADO AL DEPORTE: Valores absolutos (En miles);De 16 a 24 ańos;2013;30,8
EMPLEO VINCULADO AL DEPORTE: Valores absolutos (En miles);De 16 a 24 ańos;2012;31,2
EMPLEO VINCULADO AL DEPORTE: Valores absolutos (En miles);De 16 a 24 ańos;2011;26,5
EMPLEO VINCULADO AL DEPORTE: Valores absolutos (En miles);De 25 a 34 ańos;2025;68,7
EMPLEO VINCULADO AL DEPORTE: Valores absolutos (En miles);De 25 a 34 ańos;2024;64,3
EMPLEO VINCULADO AL DEPORTE: Valores absolutos (En miles);De 25 a 34 ańos;2023;66,3
EMPLEO VINCULADO AL DEPORTE: Valores absolutos (En miles);De 25 a 34 ańos;2022;61,1
EMPLEO VINCULADO AL DEPORTE: Valores absolutos (En miles);De 25 a 34 ańos;2021;67,0
EMPLEO VINCULADO AL DEPORTE: Valores absolutos (En miles);De 25 a 34 ańos;2020;65,3
EMPLEO VINCULADO AL DEPORTE: Valores absolutos (En miles);De 25 a 34 ańos;2019;67,9
EMPLEO VINCULADO AL DEPORTE: Valores absolutos (En miles);De 25 a 34 ańos;2018;68,6
EMPLEO VINCULADO AL DEPORTE: Valores absolutos (En miles);De 25 a 34 ańos;2017;69,0
EMPLEO VINCULADO AL DEPORTE: Valores absolutos (En miles);De 25 a 34 ańos;2016;56,1
EMPLEO VINCULADO AL DEPORTE: Valores absolutos (En miles);De 25 a 34 ańos;2015;58,6
EMPLEO VINCULADO AL DEPORTE: Valores absolutos (En miles);De 25 a 34 ańos;2014;62,5
EMPLEO VINCULADO AL DEPORTE: Valores absolutos (En miles);De 25 a 34 ańos;2013;55,4
EMPLEO VINCULADO AL DEPORTE: Valores absolutos (En miles);De 25 a 34 ańos;2012;44,6
EMPLEO VINCULADO AL DEPORTE: Valores absolutos (En miles);De 25 a 34 ańos;2011;48,0
EMPLEO VINCULADO AL DEPORTE: Valores absolutos (En miles);De 35 a 44 ańos;2025;44,5
EMPLEO VINCULADO AL DEPORTE: Valores absolutos (En miles);De 35 a 44 ańos;2024;45,5
EMPLEO VINCULADO AL DEPORTE: Valores absolutos (En miles);De 35 a 44 ańos;2023;47,0
EMPLEO VINCULADO AL DEPORTE: Valores absolutos (En miles);De 35 a 44 ańos;2022;51,3
EMPLEO VINCULADO AL DEPORTE: Valores absolutos (En miles);De 35 a 44 ańos;2021;49,7
EMPLEO VINCULADO AL DEPORTE: Valores absolutos (En miles);De 35 a 44 ańos;2020;45,1
EMPLEO VINCULADO AL DEPORTE: Valores absolutos (En miles);De 35 a 44 ańos;2019;53,6
EMPLEO VINCULADO AL DEPORTE: Valores absolutos (En miles);De 35 a 44 ańos;2018;51,7
EMPLEO VINCULADO AL DEPORTE: Valores absolutos (En miles);De 35 a 44 ańos;2017;51,2
EMPLEO VINCULADO AL DEPORTE: Valores absolutos (En miles);De 35 a 44 ańos;2016;48,0
EMPLEO VINCULADO AL DEPORTE: Valores absolutos (En miles);De 35 a 44 ańos;2015;46,6
EMPLEO VINCULADO AL DEPORTE: Valores absolutos (En miles);De 35 a 44 ańos;2014;49,0
EMPLEO VINCULADO AL DEPORTE: Valores absolutos (En miles);De 35 a 44 ańos;2013;40,3
EMPLEO VINCULADO AL DEPORTE: Valores absolutos (En miles);De 35 a 44 ańos;2012;41,2
EMPLEO VINCULADO AL DEPORTE: Valores absolutos (En miles);De 35 a 44 ańos;2011;37,5
EMPLEO VINCULADO AL DEPORTE: Valores absolutos (En miles);De 45 a 54 ańos;2025;53,6
EMPLEO VINCULADO AL DEPORTE: Valores absolutos (En miles);De 45 a 54 ańos;2024;44,3
EMPLEO VINCULADO AL DEPORTE: Valores absolutos (En miles);De 45 a 54 ańos;2023;38,0
EMPLEO VINCULADO AL DEPORTE: Valores absolutos (En miles);De 45 a 54 ańos;2022;46,1
EMPLEO VINCULADO AL DEPORTE: Valores absolutos (En miles);De 45 a 54 ańos;2021;49,1
EMPLEO VINCULADO AL DEPORTE: Valores absolutos (En miles);De 45 a 54 ańos;2020;38,7
EMPLEO VINCULADO AL DEPORTE: Valores absolutos (En miles);De 45 a 54 ańos;2019;37,1
EMPLEO VINCULADO AL DEPORTE: Valores absolutos (En miles);De 45 a 54 ańos;2018;35,4
EMPLEO VINCULADO AL DEPORTE: Valores absolutos (En miles);De 45 a 54 ańos;2017;31,5
EMPLEO VINCULADO AL DEPORTE: Valores absolutos (En miles);De 45 a 54 ańos;2016;34,3
EMPLEO VINCULADO AL DEPORTE: Valores absolutos (En miles);De 45 a 54 ańos;2015;31,7
EMPLEO VINCULADO AL DEPORTE: Valores absolutos (En miles);De 45 a 54 ańos;2014;29,1
EMPLEO VINCULADO AL DEPORTE: Valores absolutos (En miles);De 45 a 54 ańos;2013;27,1
EMPLEO VINCULADO AL DEPORTE: Valores absolutos (En miles);De 45 a 54 ańos;2012;31,8
EMPLEO VINCULADO AL DEPORTE: Valores absolutos (En miles);De 45 a 54 ańos;2011;27,7
EMPLEO VINCULADO AL DEPORTE: Valores absolutos (En miles);De 55 ańos en adelante;2025;26,3
EMPLEO VINCULADO AL DEPORTE: Valores absolutos (En miles);De 55 ańos en adelante;2024;28,7
EMPLEO VINCULADO AL DEPORTE: Valores absolutos (En miles);De 55 ańos en adelante;2023;27,5
EMPLEO VINCULADO AL DEPORTE: Valores absolutos (En miles);De 55 ańos en adelante;2022;23,5
EMPLEO VINCULADO AL DEPORTE: Valores absolutos (En miles);De 55 ańos en adelante;2021;19,3
EMPLEO VINCULADO AL DEPORTE: Valores absolutos (En miles);De 55 ańos en adelante;2020;20,6
EMPLEO VINCULADO AL DEPORTE: Valores absolutos (En miles);De 55 ańos en adelante;2019;17,6
EMPLEO VINCULADO AL DEPORTE: Valores absolutos (En miles);De 55 ańos en adelante;2018;16,3
EMPLEO VINCULADO AL DEPORTE: Valores absolutos (En miles);De 55 ańos en adelante;2017;14,4
EMPLEO VINCULADO AL DEPORTE: Valores absolutos (En miles);De 55 ańos en adelante;2016;18,7
EMPLEO VINCULADO AL DEPORTE: Valores absolutos (En miles);De 55 ańos en adelante;2015;14,7
EMPLEO VINCULADO AL DEPORTE: Valores absolutos (En miles);De 55 ańos en adelante;2014;15,6
EMPLEO VINCULADO AL DEPORTE: Valores absolutos (En miles);De 55 ańos en adelante;2013;11,0
EMPLEO VINCULADO AL DEPORTE: Valores absolutos (En miles);De 55 ańos en adelante;2012;12,1
EMPLEO VINCULADO AL DEPORTE: Valores absolutos (En miles);De 55 ańos en adelante;2011;10,7
EMPLEO VINCULADO AL DEPORTE: Valores absolutos (En miles);Primera etapa de educacion secundaria e inferior;2025;47,3
EMPLEO VINCULADO AL DEPORTE: Valores absolutos (En miles);Primera etapa de educacion secundaria e inferior;2024;48,7
EMPLEO VINCULADO AL DEPORTE: Valores absolutos (En miles);Primera etapa de educacion secundaria e inferior;2023;41,1
EMPLEO VINCULADO AL DEPORTE: Valores absolutos (En miles);Primera etapa de educacion secundaria e inferior;2022;40,9
EMPLEO VINCULADO AL DEPORTE: Valores absolutos (En miles);Primera etapa de educacion secundaria e inferior;2021;36,5
EMPLEO VINCULADO AL DEPORTE: Valores absolutos (En miles);Primera etapa de educacion secundaria e inferior;2020;34,1
EMPLEO VINCULADO AL DEPORTE: Valores absolutos (En miles);Primera etapa de educacion secundaria e inferior;2019;43,7
EMPLEO VINCULADO AL DEPORTE: Valores absolutos (En miles);Primera etapa de educacion secundaria e inferior;2018;45,0
EMPLEO VINCULADO AL DEPORTE: Valores absolutos (En miles);Primera etapa de educacion secundaria e inferior;2017;39,9
EMPLEO VINCULADO AL DEPORTE: Valores absolutos (En miles);Primera etapa de educacion secundaria e inferior;2016;44,5
EMPLEO VINCULADO AL DEPORTE: Valores absolutos (En miles);Primera etapa de educacion secundaria e inferior;2015;37,2
EMPLEO VINCULADO AL DEPORTE: Valores absolutos (En miles);Primera etapa de educacion secundaria e inferior;2014;43,9
EMPLEO VINCULADO AL DEPORTE: Valores absolutos (En miles);Primera etapa de educacion secundaria e inferior;2013;40,9
EMPLEO VINCULADO AL DEPORTE: Valores absolutos (En miles);Primera etapa de educacion secundaria e inferior;2012;42,9
EMPLEO VINCULADO AL DEPORTE: Valores absolutos (En miles);Primera etapa de educacion secundaria e inferior;2011;41,9
EMPLEO VINCULADO AL DEPORTE: Valores absolutos (En miles);Segunda etapa de educación secundaria: Total;2025;84,2
EMPLEO VINCULADO AL DEPORTE: Valores absolutos (En miles);Segunda etapa de educación secundaria: Total;2024;75,4
EMPLEO VINCULADO AL DEPORTE: Valores absolutos (En miles);Segunda etapa de educación secundaria: Total;2023;82,0
EMPLEO VINCULADO AL DEPORTE: Valores absolutos (En miles);Segunda etapa de educación secundaria: Total;2022;73,3
EMPLEO VINCULADO AL DEPORTE: Valores absolutos (En miles);Segunda etapa de educación secundaria: Total;2021;64,9
EMPLEO VINCULADO AL DEPORTE: Valores absolutos (En miles);Segunda etapa de educación secundaria: Total;2020;57,8
EMPLEO VINCULADO AL DEPORTE: Valores absolutos (En miles);Segunda etapa de educación secundaria: Total;2019;58,6
EMPLEO VINCULADO AL DEPORTE: Valores absolutos (En miles);Segunda etapa de educación secundaria: Total;2018;58,5
EMPLEO VINCULADO AL DEPORTE: Valores absolutos (En miles);Segunda etapa de educación secundaria: Total;2017;55,6
EMPLEO VINCULADO AL DEPORTE: Valores absolutos (En miles);Segunda etapa de educación secundaria: Total;2016;52,9
EMPLEO VINCULADO AL DEPORTE: Valores absolutos (En miles);Segunda etapa de educación secundaria: Total;2015;55,0
EMPLEO VINCULADO AL DEPORTE: Valores absolutos (En miles);Segunda etapa de educación secundaria: Total;2014;50,3
EMPLEO VINCULADO AL DEPORTE: Valores absolutos (En miles);Segunda etapa de educación secundaria: Total;2013;46,2
EMPLEO VINCULADO AL DEPORTE: Valores absolutos (En miles);Segunda etapa de educación secundaria: Total;2012;48,9
EMPLEO VINCULADO AL DEPORTE: Valores absolutos (En miles);Segunda etapa de educación secundaria: Total;2011;47,4
EMPLEO VINCULADO AL DEPORTE: Valores absolutos (En miles);Segunda etapa de educación secundaria: Orientación general;2025;59,4
EMPLEO VINCULADO AL DEPORTE: Valores absolutos (En miles);Segunda etapa de educación secundaria: Orientación general;2024;52,2
EMPLEO VINCULADO AL DEPORTE: Valores absolutos (En miles);Segunda etapa de educación secundaria: Orientación general;2023;57,3
EMPLEO VINCULADO AL DEPORTE: Valores absolutos (En miles);Segunda etapa de educación secundaria: Orientación general;2022;48,2
EMPLEO VINCULADO AL DEPORTE: Valores absolutos (En miles);Segunda etapa de educación secundaria: Orientación general;2021;46,6
EMPLEO VINCULADO AL DEPORTE: Valores absolutos (En miles);Segunda etapa de educación secundaria: Orientación general;2020;39,8
EMPLEO VINCULADO AL DEPORTE: Valores absolutos (En miles);Segunda etapa de educación secundaria: Orientación general;2019;40,2
EMPLEO VINCULADO AL DEPORTE: Valores absolutos (En miles);Segunda etapa de educación secundaria: Orientación general;2018;40,4
EMPLEO VINCULADO AL DEPORTE: Valores absolutos (En miles);Segunda etapa de educación secundaria: Orientación general;2017;44,2
EMPLEO VINCULADO AL DEPORTE: Valores absolutos (En miles);Segunda etapa de educación secundaria: Orientación general;2016;40,7
EMPLEO VINCULADO AL DEPORTE: Valores absolutos (En miles);Segunda etapa de educación secundaria: Orientación general;2015;37,9
EMPLEO VINCULADO AL DEPORTE: Valores absolutos (En miles);Segunda etapa de educación secundaria: Orientación general;2014;33,6
EMPLEO VINCULADO AL DEPORTE: Valores absolutos (En miles);Segunda etapa de educación secundaria: Orientación general;2013;31,4
EMPLEO VINCULADO AL DEPORTE: Valores absolutos (En miles);Segunda etapa de educación secundaria: Orientación general;2012;33,8
EMPLEO VINCULADO AL DEPORTE: Valores absolutos (En miles);Segunda etapa de educación secundaria: Orientación general;2011;35,9
EMPLEO VINCULADO AL DEPORTE: Valores absolutos (En miles);Segunda etapa de educación secundaria: Orientación profesional;2025;24,8
EMPLEO VINCULADO AL DEPORTE: Valores absolutos (En miles);Segunda etapa de educación secundaria: Orientación profesional;2024;23,2
EMPLEO VINCULADO AL DEPORTE: Valores absolutos (En miles);Segunda etapa de educación secundaria: Orientación profesional;2023;24,7
EMPLEO VINCULADO AL DEPORTE: Valores absolutos (En miles);Segunda etapa de educación secundaria: Orientación profesional;2022;25,1
EMPLEO VINCULADO AL DEPORTE: Valores absolutos (En miles);Segunda etapa de educación secundaria: Orientación profesional;2021;18,3
EMPLEO VINCULADO AL DEPORTE: Valores absolutos (En miles);Segunda etapa de educación secundaria: Orientación profesional;2020;18,0
EMPLEO VINCULADO AL DEPORTE: Valores absolutos (En miles);Segunda etapa de educación secundaria: Orientación profesional;2019;18,5
EMPLEO VINCULADO AL DEPORTE: Valores absolutos (En miles);Segunda etapa de educación secundaria: Orientación profesional;2018;18,1
EMPLEO VINCULADO AL DEPORTE: Valores absolutos (En miles);Segunda etapa de educación secundaria: Orientación profesional;2017;11,4
EMPLEO VINCULADO AL DEPORTE: Valores absolutos (En miles);Segunda etapa de educación secundaria: Orientación profesional;2016;12,2
EMPLEO VINCULADO AL DEPORTE: Valores absolutos (En miles);Segunda etapa de educación secundaria: Orientación profesional;2015;17,1
EMPLEO VINCULADO AL DEPORTE: Valores absolutos (En miles);Segunda etapa de educación secundaria: Orientación profesional;2014;16,7
EMPLEO VINCULADO AL DEPORTE: Valores absolutos (En miles);Segunda etapa de educación secundaria: Orientación profesional;2013;14,8
EMPLEO VINCULADO AL DEPORTE: Valores absolutos (En miles);Segunda etapa de educación secundaria: Orientación profesional;2012;15,1
EMPLEO VINCULADO AL DEPORTE: Valores absolutos (En miles);Segunda etapa de educación secundaria: Orientación profesional;2011;11,5
EMPLEO VINCULADO AL DEPORTE: Valores absolutos (En miles);Educación superior o equivalente;2025;138,7
EMPLEO VINCULADO AL DEPORTE: Valores absolutos (En miles);Educación superior o equivalente;2024;131,0
EMPLEO VINCULADO AL DEPORTE: Valores absolutos (En miles);Educación superior o equivalente;2023;123,6
EMPLEO VINCULADO AL DEPORTE: Valores absolutos (En miles);Educación superior o equivalente;2022;120,4
EMPLEO VINCULADO AL DEPORTE: Valores absolutos (En miles);Educación superior o equivalente;2021;121,5
EMPLEO VINCULADO AL DEPORTE: Valores absolutos (En miles);Educación superior o equivalente;2020;108,9
EMPLEO VINCULADO AL DEPORTE: Valores absolutos (En miles);Educación superior o equivalente;2019;117,6
EMPLEO VINCULADO AL DEPORTE: Valores absolutos (En miles);Educación superior o equivalente;2018;110,6
EMPLEO VINCULADO AL DEPORTE: Valores absolutos (En miles);Educación superior o equivalente;2017;107,8
EMPLEO VINCULADO AL DEPORTE: Valores absolutos (En miles);Educación superior o equivalente;2016;96,7
EMPLEO VINCULADO AL DEPORTE: Valores absolutos (En miles);Educación superior o equivalente;2015;92,4
EMPLEO VINCULADO AL DEPORTE: Valores absolutos (En miles);Educación superior o equivalente;2014;95,2
EMPLEO VINCULADO AL DEPORTE: Valores absolutos (En miles);Educación superior o equivalente;2013;77,5
EMPLEO VINCULADO AL DEPORTE: Valores absolutos (En miles);Educación superior o equivalente;2012;69,0
EMPLEO VINCULADO AL DEPORTE: Valores absolutos (En miles);Educación superior o equivalente;2011;61,2
EMPLEO VINCULADO AL DEPORTE: En porcentaje del total de empleo;TOTAL;2025;1,2
EMPLEO VINCULADO AL DEPORTE: En porcentaje del total de empleo;TOTAL;2024;1,2
EMPLEO VINCULADO AL DEPORTE: En porcentaje del total de empleo;TOTAL;2023;1,2
EMPLEO VINCULADO AL DEPORTE: En porcentaje del total de empleo;TOTAL;2022;1,1
EMPLEO VINCULADO AL DEPORTE: En porcentaje del total de empleo;TOTAL;2021;1,1
EMPLEO VINCULADO AL DEPORTE: En porcentaje del total de empleo;TOTAL;2020;1,0
EMPLEO VINCULADO AL DEPORTE: En porcentaje del total de empleo;TOTAL;2019;1,1
EMPLEO VINCULADO AL DEPORTE: En porcentaje del total de empleo;TOTAL;2018;1,1
EMPLEO VINCULADO AL DEPORTE: En porcentaje del total de empleo;TOTAL;2017;1,1
EMPLEO VINCULADO AL DEPORTE: En porcentaje del total de empleo;TOTAL;2016;1,1
EMPLEO VINCULADO AL DEPORTE: En porcentaje del total de empleo;TOTAL;2015;1,0
EMPLEO VINCULADO AL DEPORTE: En porcentaje del total de empleo;TOTAL;2014;1,1
EMPLEO VINCULADO AL DEPORTE: En porcentaje del total de empleo;TOTAL;2013;1,0
EMPLEO VINCULADO AL DEPORTE: En porcentaje del total de empleo;TOTAL;2012;0,9
EMPLEO VINCULADO AL DEPORTE: En porcentaje del total de empleo;TOTAL;2011;0,8
EMPLEO VINCULADO AL DEPORTE: En porcentaje del total de empleo;Hombres;2025;1,4
EMPLEO VINCULADO AL DEPORTE: En porcentaje del total de empleo;Hombres;2024;1,3
EMPLEO VINCULADO AL DEPORTE: En porcentaje del total de empleo;Hombres;2023;1,3
EMPLEO VINCULADO AL DEPORTE: En porcentaje del total de empleo;Hombres;2022;1,2
EMPLEO VINCULADO AL DEPORTE: En porcentaje del total de empleo;Hombres;2021;1,2
EMPLEO VINCULADO AL DEPORTE: En porcentaje del total de empleo;Hombres;2020;1,2
EMPLEO VINCULADO AL DEPORTE: En porcentaje del total de empleo;Hombres;2019;1,2
EMPLEO VINCULADO AL DEPORTE: En porcentaje del total de empleo;Hombres;2018;1,2
EMPLEO VINCULADO AL DEPORTE: En porcentaje del total de empleo;Hombres;2017;1,2
EMPLEO VINCULADO AL DEPORTE: En porcentaje del total de empleo;Hombres;2016;1,2
EMPLEO VINCULADO AL DEPORTE: En porcentaje del total de empleo;Hombres;2015;1,1
EMPLEO VINCULADO AL DEPORTE: En porcentaje del total de empleo;Hombres;2014;1,1
EMPLEO VINCULADO AL DEPORTE: En porcentaje del total de empleo;Hombres;2013;1,0
EMPLEO VINCULADO AL DEPORTE: En porcentaje del total de empleo;Hombres;2012;1,0
EMPLEO VINCULADO AL DEPORTE: En porcentaje del total de empleo;Hombres;2011;0,9
EMPLEO VINCULADO AL DEPORTE: En porcentaje del total de empleo;Mujeres;2025;1,0
EMPLEO VINCULADO AL DEPORTE: En porcentaje del total de empleo;Mujeres;2024;1,0
EMPLEO VINCULADO AL DEPORTE: En porcentaje del total de empleo;Mujeres;2023;1,0
EMPLEO VINCULADO AL DEPORTE: En porcentaje del total de empleo;Mujeres;2022;1,0
EMPLEO VINCULADO AL DEPORTE: En porcentaje del total de empleo;Mujeres;2021;1,1
EMPLEO VINCULADO AL DEPORTE: En porcentaje del total de empleo;Mujeres;2020;0,9
EMPLEO VINCULADO AL DEPORTE: En porcentaje del total de empleo;Mujeres;2019;1,0
EMPLEO VINCULADO AL DEPORTE: En porcentaje del total de empleo;Mujeres;2018;1,0
EMPLEO VINCULADO AL DEPORTE: En porcentaje del total de empleo;Mujeres;2017;1,0
EMPLEO VINCULADO AL DEPORTE: En porcentaje del total de empleo;Mujeres;2016;0,9
EMPLEO VINCULADO AL DEPORTE: En porcentaje del total de empleo;Mujeres;2015;1,0
EMPLEO VINCULADO AL DEPORTE: En porcentaje del total de empleo;Mujeres;2014;1,1
EMPLEO VINCULADO AL DEPORTE: En porcentaje del total de empleo;Mujeres;2013;0,9
EMPLEO VINCULADO AL DEPORTE: En porcentaje del total de empleo;Mujeres;2012;0,8
EMPLEO VINCULADO AL DEPORTE: En porcentaje del total de empleo;Mujeres;2011;0,7
EMPLEO VINCULADO AL DEPORTE: En porcentaje del total de empleo;De 16 a 24 ańos;2025;5,6
EMPLEO VINCULADO AL DEPORTE: En porcentaje del total de empleo;De 16 a 24 ańos;2024;5,5
EMPLEO VINCULADO AL DEPORTE: En porcentaje del total de empleo;De 16 a 24 ańos;2023;5,6
EMPLEO VINCULADO AL DEPORTE: En porcentaje del total de empleo;De 16 a 24 ańos;2022;4,6
EMPLEO VINCULADO AL DEPORTE: En porcentaje del total de empleo;De 16 a 24 ańos;2021;3,8
EMPLEO VINCULADO AL DEPORTE: En porcentaje del total de empleo;De 16 a 24 ańos;2020;3,5
EMPLEO VINCULADO AL DEPORTE: En porcentaje del total de empleo;De 16 a 24 ańos;2019;4,2
EMPLEO VINCULADO AL DEPORTE: En porcentaje del total de empleo;De 16 a 24 ańos;2018;4,3
EMPLEO VINCULADO AL DEPORTE: En porcentaje del total de empleo;De 16 a 24 ańos;2017;4,0
EMPLEO VINCULADO AL DEPORTE: En porcentaje del total de empleo;De 16 a 24 ańos;2016;4,5
EMPLEO VINCULADO AL DEPORTE: En porcentaje del total de empleo;De 16 a 24 ańos;2015;4,1
EMPLEO VINCULADO AL DEPORTE: En porcentaje del total de empleo;De 16 a 24 ańos;2014;4,4
EMPLEO VINCULADO AL DEPORTE: En porcentaje del total de empleo;De 16 a 24 ańos;2013;4,0
EMPLEO VINCULADO AL DEPORTE: En porcentaje del total de empleo;De 16 a 24 ańos;2012;3,7
EMPLEO VINCULADO AL DEPORTE: En porcentaje del total de empleo;De 16 a 24 ańos;2011;2,5
EMPLEO VINCULADO AL DEPORTE: En porcentaje del total de empleo;De 25 a 34 ańos;2025;1,6
EMPLEO VINCULADO AL DEPORTE: En porcentaje del total de empleo;De 25 a 34 ańos;2024;1,6
EMPLEO VINCULADO AL DEPORTE: En porcentaje del total de empleo;De 25 a 34 ańos;2023;1,6
EMPLEO VINCULADO AL DEPORTE: En porcentaje del total de empleo;De 25 a 34 ańos;2022;1,6
EMPLEO VINCULADO AL DEPORTE: En porcentaje del total de empleo;De 25 a 34 ańos;2021;1,8
EMPLEO VINCULADO AL DEPORTE: En porcentaje del total de empleo;De 25 a 34 ańos;2020;1,8
EMPLEO VINCULADO AL DEPORTE: En porcentaje del total de empleo;De 25 a 34 ańos;2019;1,8
EMPLEO VINCULADO AL DEPORTE: En porcentaje del total de empleo;De 25 a 34 ańos;2018;1,8
EMPLEO VINCULADO AL DEPORTE: En porcentaje del total de empleo;De 25 a 34 ańos;2017;1,8
EMPLEO VINCULADO AL DEPORTE: En porcentaje del total de empleo;De 25 a 34 ańos;2016;1,5
EMPLEO VINCULADO AL DEPORTE: En porcentaje del total de empleo;De 25 a 34 ańos;2015;1,5
EMPLEO VINCULADO AL DEPORTE: En porcentaje del total de empleo;De 25 a 34 ańos;2014;1,6
EMPLEO VINCULADO AL DEPORTE: En porcentaje del total de empleo;De 25 a 34 ańos;2013;1,4
EMPLEO VINCULADO AL DEPORTE: En porcentaje del total de empleo;De 25 a 34 ańos;2012;1,0
EMPLEO VINCULADO AL DEPORTE: En porcentaje del total de empleo;De 25 a 34 ańos;2011;1,0
EMPLEO VINCULADO AL DEPORTE: En porcentaje del total de empleo;De 35 a 44 ańos;2025;0,8
EMPLEO VINCULADO AL DEPORTE: En porcentaje del total de empleo;De 35 a 44 ańos;2024;0,8
EMPLEO VINCULADO AL DEPORTE: En porcentaje del total de empleo;De 35 a 44 ańos;2023;0,9
EMPLEO VINCULADO AL DEPORTE: En porcentaje del total de empleo;De 35 a 44 ańos;2022;0,9
EMPLEO VINCULADO AL DEPORTE: En porcentaje del total de empleo;De 35 a 44 ańos;2021;0,9
EMPLEO VINCULADO AL DEPORTE: En porcentaje del total de empleo;De 35 a 44 ańos;2020;0,8
EMPLEO VINCULADO AL DEPORTE: En porcentaje del total de empleo;De 35 a 44 ańos;2019;0,9
EMPLEO VINCULADO AL DEPORTE: En porcentaje del total de empleo;De 35 a 44 ańos;2018;0,9
EMPLEO VINCULADO AL DEPORTE: En porcentaje del total de empleo;De 35 a 44 ańos;2017;0,9
EMPLEO VINCULADO AL DEPORTE: En porcentaje del total de empleo;De 35 a 44 ańos;2016;0,8
EMPLEO VINCULADO AL DEPORTE: En porcentaje del total de empleo;De 35 a 44 ańos;2015;0,8
EMPLEO VINCULADO AL DEPORTE: En porcentaje del total de empleo;De 35 a 44 ańos;2014;0,9
EMPLEO VINCULADO AL DEPORTE: En porcentaje del total de empleo;De 35 a 44 ańos;2013;0,7
EMPLEO VINCULADO AL DEPORTE: En porcentaje del total de empleo;De 35 a 44 ańos;2012;0,7
EMPLEO VINCULADO AL DEPORTE: En porcentaje del total de empleo;De 35 a 44 ańos;2011;0,7
EMPLEO VINCULADO AL DEPORTE: En porcentaje del total de empleo;De 45 a 54 ańos;2025;0,8
EMPLEO VINCULADO AL DEPORTE: En porcentaje del total de empleo;De 45 a 54 ańos;2024;0,7
EMPLEO VINCULADO AL DEPORTE: En porcentaje del total de empleo;De 45 a 54 ańos;2023;0,6
EMPLEO VINCULADO AL DEPORTE: En porcentaje del total de empleo;De 45 a 54 ańos;2022;0,8
EMPLEO VINCULADO AL DEPORTE: En porcentaje del total de empleo;De 45 a 54 ańos;2021;0,9
EMPLEO VINCULADO AL DEPORTE: En porcentaje del total de empleo;De 45 a 54 ańos;2020;0,7
EMPLEO VINCULADO AL DEPORTE: En porcentaje del total de empleo;De 45 a 54 ańos;2019;0,7
EMPLEO VINCULADO AL DEPORTE: En porcentaje del total de empleo;De 45 a 54 ańos;2018;0,7
EMPLEO VINCULADO AL DEPORTE: En porcentaje del total de empleo;De 45 a 54 ańos;2017;0,6
EMPLEO VINCULADO AL DEPORTE: En porcentaje del total de empleo;De 45 a 54 ańos;2016;0,7
EMPLEO VINCULADO AL DEPORTE: En porcentaje del total de empleo;De 45 a 54 ańos;2015;0,7
EMPLEO VINCULADO AL DEPORTE: En porcentaje del total de empleo;De 45 a 54 ańos;2014;0,6
EMPLEO VINCULADO AL DEPORTE: En porcentaje del total de empleo;De 45 a 54 ańos;2013;0,6
EMPLEO VINCULADO AL DEPORTE: En porcentaje del total de empleo;De 45 a 54 ańos;2012;0,7
EMPLEO VINCULADO AL DEPORTE: En porcentaje del total de empleo;De 45 a 54 ańos;2011;0,6
EMPLEO VINCULADO AL DEPORTE: En porcentaje del total de empleo;De 55 ańos en adelante;2025;0,5
EMPLEO VINCULADO AL DEPORTE: En porcentaje del total de empleo;De 55 ańos en adelante;2024;0,6
EMPLEO VINCULADO AL DEPORTE: En porcentaje del total de empleo;De 55 ańos en adelante;2023;0,6
EMPLEO VINCULADO AL DEPORTE: En porcentaje del total de empleo;De 55 ańos en adelante;2022;0,6
EMPLEO VINCULADO AL DEPORTE: En porcentaje del total de empleo;De 55 ańos en adelante;2021;0,5
EMPLEO VINCULADO AL DEPORTE: En porcentaje del total de empleo;De 55 ańos en adelante;2020;0,6
EMPLEO VINCULADO AL DEPORTE: En porcentaje del total de empleo;De 55 ańos en adelante;2019;0,5
EMPLEO VINCULADO AL DEPORTE: En porcentaje del total de empleo;De 55 ańos en adelante;2018;0,5
EMPLEO VINCULADO AL DEPORTE: En porcentaje del total de empleo;De 55 ańos en adelante;2017;0,5
EMPLEO VINCULADO AL DEPORTE: En porcentaje del total de empleo;De 55 ańos en adelante;2016;0,6
EMPLEO VINCULADO AL DEPORTE: En porcentaje del total de empleo;De 55 ańos en adelante;2015;0,5
EMPLEO VINCULADO AL DEPORTE: En porcentaje del total de empleo;De 55 ańos en adelante;2014;0,6
EMPLEO VINCULADO AL DEPORTE: En porcentaje del total de empleo;De 55 ańos en adelante;2013;0,5
EMPLEO VINCULADO AL DEPORTE: En porcentaje del total de empleo;De 55 ańos en adelante;2012;0,5
EMPLEO VINCULADO AL DEPORTE: En porcentaje del total de empleo;De 55 ańos en adelante;2011;0,4
EMPLEO VINCULADO AL DEPORTE: En porcentaje del total de empleo;Primera etapa de educacion secundaria e inferior;2025;0,7
EMPLEO VINCULADO AL DEPORTE: En porcentaje del total de empleo;Primera etapa de educacion secundaria e inferior;2024;0,8
EMPLEO VINCULADO AL DEPORTE: En porcentaje del total de empleo;Primera etapa de educacion secundaria e inferior;2023;0,6
EMPLEO VINCULADO AL DEPORTE: En porcentaje del total de empleo;Primera etapa de educacion secundaria e inferior;2022;0,7
EMPLEO VINCULADO AL DEPORTE: En porcentaje del total de empleo;Primera etapa de educacion secundaria e inferior;2021;0,6
EMPLEO VINCULADO AL DEPORTE: En porcentaje del total de empleo;Primera etapa de educacion secundaria e inferior;2020;0,6
EMPLEO VINCULADO AL DEPORTE: En porcentaje del total de empleo;Primera etapa de educacion secundaria e inferior;2019;0,7
EMPLEO VINCULADO AL DEPORTE: En porcentaje del total de empleo;Primera etapa de educacion secundaria e inferior;2018;0,7
EMPLEO VINCULADO AL DEPORTE: En porcentaje del total de empleo;Primera etapa de educacion secundaria e inferior;2017;0,7
EMPLEO VINCULADO AL DEPORTE: En porcentaje del total de empleo;Primera etapa de educacion secundaria e inferior;2016;0,7
EMPLEO VINCULADO AL DEPORTE: En porcentaje del total de empleo;Primera etapa de educacion secundaria e inferior;2015;0,7
EMPLEO VINCULADO AL DEPORTE: En porcentaje del total de empleo;Primera etapa de educacion secundaria e inferior;2014;0,8
EMPLEO VINCULADO AL DEPORTE: En porcentaje del total de empleo;Primera etapa de educacion secundaria e inferior;2013;0,7
EMPLEO VINCULADO AL DEPORTE: En porcentaje del total de empleo;Primera etapa de educacion secundaria e inferior;2012;0,7
EMPLEO VINCULADO AL DEPORTE: En porcentaje del total de empleo;Primera etapa de educacion secundaria e inferior;2011;0,6
EMPLEO VINCULADO AL DEPORTE: En porcentaje del total de empleo;Segunda etapa de educación secundaria: Total;2025;1,6
EMPLEO VINCULADO AL DEPORTE: En porcentaje del total de empleo;Segunda etapa de educación secundaria: Total;2024;1,5
EMPLEO VINCULADO AL DEPORTE: En porcentaje del total de empleo;Segunda etapa de educación secundaria: Total;2023;1,6
EMPLEO VINCULADO AL DEPORTE: En porcentaje del total de empleo;Segunda etapa de educación secundaria: Total;2022;1,5
EMPLEO VINCULADO AL DEPORTE: En porcentaje del total de empleo;Segunda etapa de educación secundaria: Total;2021;1,4
EMPLEO VINCULADO AL DEPORTE: En porcentaje del total de empleo;Segunda etapa de educación secundaria: Total;2020;1,3
EMPLEO VINCULADO AL DEPORTE: En porcentaje del total de empleo;Segunda etapa de educación secundaria: Total;2019;1,2
EMPLEO VINCULADO AL DEPORTE: En porcentaje del total de empleo;Segunda etapa de educación secundaria: Total;2018;1,3
EMPLEO VINCULADO AL DEPORTE: En porcentaje del total de empleo;Segunda etapa de educación secundaria: Total;2017;1,4
EMPLEO VINCULADO AL DEPORTE: En porcentaje del total de empleo;Segunda etapa de educación secundaria: Total;2016;1,4
EMPLEO VINCULADO AL DEPORTE: En porcentaje del total de empleo;Segunda etapa de educación secundaria: Total;2015;1,3
EMPLEO VINCULADO AL DEPORTE: En porcentaje del total de empleo;Segunda etapa de educación secundaria: Total;2014;1,3
EMPLEO VINCULADO AL DEPORTE: En porcentaje del total de empleo;Segunda etapa de educación secundaria: Total;2013;1,2
EMPLEO VINCULADO AL DEPORTE: En porcentaje del total de empleo;Segunda etapa de educación secundaria: Total;2012;1,2
EMPLEO VINCULADO AL DEPORTE: En porcentaje del total de empleo;Segunda etapa de educación secundaria: Total;2011;1,2
EMPLEO VINCULADO AL DEPORTE: En porcentaje del total de empleo;Segunda etapa de educación secundaria: Orientación general;2025;2,0
EMPLEO VINCULADO AL DEPORTE: En porcentaje del total de empleo;Segunda etapa de educación secundaria: Orientación general;2024;1,8
EMPLEO VINCULADO AL DEPORTE: En porcentaje del total de empleo;Segunda etapa de educación secundaria: Orientación general;2023;2,0
EMPLEO VINCULADO AL DEPORTE: En porcentaje del total de empleo;Segunda etapa de educación secundaria: Orientación general;2022;1,7
EMPLEO VINCULADO AL DEPORTE: En porcentaje del total de empleo;Segunda etapa de educación secundaria: Orientación general;2021;1,7
EMPLEO VINCULADO AL DEPORTE: En porcentaje del total de empleo;Segunda etapa de educación secundaria: Orientación general;2020;1,5
EMPLEO VINCULADO AL DEPORTE: En porcentaje del total de empleo;Segunda etapa de educación secundaria: Orientación general;2019;1,5
EMPLEO VINCULADO AL DEPORTE: En porcentaje del total de empleo;Segunda etapa de educación secundaria: Orientación general;2018;1,5
EMPLEO VINCULADO AL DEPORTE: En porcentaje del total de empleo;Segunda etapa de educación secundaria: Orientación general;2017;1,6
EMPLEO VINCULADO AL DEPORTE: En porcentaje del total de empleo;Segunda etapa de educación secundaria: Orientación general;2016;1,6
EMPLEO VINCULADO AL DEPORTE: En porcentaje del total de empleo;Segunda etapa de educación secundaria: Orientación general;2015;1,5
EMPLEO VINCULADO AL DEPORTE: En porcentaje del total de empleo;Segunda etapa de educación secundaria: Orientación general;2014;1,4
EMPLEO VINCULADO AL DEPORTE: En porcentaje del total de empleo;Segunda etapa de educación secundaria: Orientación general;2013;1,3
EMPLEO VINCULADO AL DEPORTE: En porcentaje del total de empleo;Segunda etapa de educación secundaria: Orientación general;2012;1,3
EMPLEO VINCULADO AL DEPORTE: En porcentaje del total de empleo;Segunda etapa de educación secundaria: Orientación general;2011;1,3
EMPLEO VINCULADO AL DEPORTE: En porcentaje del total de empleo;Segunda etapa de educación secundaria: Orientación profesional;2025;1,1
EMPLEO VINCULADO AL DEPORTE: En porcentaje del total de empleo;Segunda etapa de educación secundaria: Orientación profesional;2024;1,0
EMPLEO VINCULADO AL DEPORTE: En porcentaje del total de empleo;Segunda etapa de educación secundaria: Orientación profesional;2023;1,1
EMPLEO VINCULADO AL DEPORTE: En porcentaje del total de empleo;Segunda etapa de educación secundaria: Orientación profesional;2022;1,2
EMPLEO VINCULADO AL DEPORTE: En porcentaje del total de empleo;Segunda etapa de educación secundaria: Orientación profesional;2021;0,9
EMPLEO VINCULADO AL DEPORTE: En porcentaje del total de empleo;Segunda etapa de educación secundaria: Orientación profesional;2020;0,9
EMPLEO VINCULADO AL DEPORTE: En porcentaje del total de empleo;Segunda etapa de educación secundaria: Orientación profesional;2019;0,9
EMPLEO VINCULADO AL DEPORTE: En porcentaje del total de empleo;Segunda etapa de educación secundaria: Orientación profesional;2018;0,9
EMPLEO VINCULADO AL DEPORTE: En porcentaje del total de empleo;Segunda etapa de educación secundaria: Orientación profesional;2017;0,6
EMPLEO VINCULADO AL DEPORTE: En porcentaje del total de empleo;Segunda etapa de educación secundaria: Orientación profesional;2016;0,7
EMPLEO VINCULADO AL DEPORTE: En porcentaje del total de empleo;Segunda etapa de educación secundaria: Orientación profesional;2015;1,0
EMPLEO VINCULADO AL DEPORTE: En porcentaje del total de empleo;Segunda etapa de educación secundaria: Orientación profesional;2014;1,0
EMPLEO VINCULADO AL DEPORTE: En porcentaje del total de empleo;Segunda etapa de educación secundaria: Orientación profesional;2013;0,9
EMPLEO VINCULADO AL DEPORTE: En porcentaje del total de empleo;Segunda etapa de educación secundaria: Orientación profesional;2012;0,9
EMPLEO VINCULADO AL DEPORTE: En porcentaje del total de empleo;Segunda etapa de educación secundaria: Orientación profesional;2011;0,7
EMPLEO VINCULADO AL DEPORTE: En porcentaje del total de empleo;Educación superior o equivalente;2025;1,3
EMPLEO VINCULADO AL DEPORTE: En porcentaje del total de empleo;Educación superior o equivalente;2024;1,3
EMPLEO VINCULADO AL DEPORTE: En porcentaje del total de empleo;Educación superior o equivalente;2023;1,3
EMPLEO VINCULADO AL DEPORTE: En porcentaje del total de empleo;Educación superior o equivalente;2022;1,3
EMPLEO VINCULADO AL DEPORTE: En porcentaje del total de empleo;Educación superior o equivalente;2021;1,3
EMPLEO VINCULADO AL DEPORTE: En porcentaje del total de empleo;Educación superior o equivalente;2020;1,2
EMPLEO VINCULADO AL DEPORTE: En porcentaje del total de empleo;Educación superior o equivalente;2019;1,4
EMPLEO VINCULADO AL DEPORTE: En porcentaje del total de empleo;Educación superior o equivalente;2018;1,3
EMPLEO VINCULADO AL DEPORTE: En porcentaje del total de empleo;Educación superior o equivalente;2017;1,3
EMPLEO VINCULADO AL DEPORTE: En porcentaje del total de empleo;Educación superior o equivalente;2016;1,3
EMPLEO VINCULADO AL DEPORTE: En porcentaje del total de empleo;Educación superior o equivalente;2015;1,2
EMPLEO VINCULADO AL DEPORTE: En porcentaje del total de empleo;Educación superior o equivalente;2014;1,3
EMPLEO VINCULADO AL DEPORTE: En porcentaje del total de empleo;Educación superior o equivalente;2013;1,1
EMPLEO VINCULADO AL DEPORTE: En porcentaje del total de empleo;Educación superior o equivalente;2012;1,0
EMPLEO VINCULADO AL DEPORTE: En porcentaje del total de empleo;Educación superior o equivalente;2011;0,9
EMPLEO VINCULADO AL DEPORTE: Distribución porcentual;TOTAL;2025;100,0
EMPLEO VINCULADO AL DEPORTE: Distribución porcentual;TOTAL;2024;100,0
EMPLEO VINCULADO AL DEPORTE: Distribución porcentual;TOTAL;2023;100,0
EMPLEO VINCULADO AL DEPORTE: Distribución porcentual;TOTAL;2022;100,0
EMPLEO VINCULADO AL DEPORTE: Distribución porcentual;TOTAL;2021;100,0
EMPLEO VINCULADO AL DEPORTE: Distribución porcentual;TOTAL;2020;100,0
EMPLEO VINCULADO AL DEPORTE: Distribución porcentual;TOTAL;2019;100,0
EMPLEO VINCULADO AL DEPORTE: Distribución porcentual;TOTAL;2018;100,0
EMPLEO VINCULADO AL DEPORTE: Distribución porcentual;TOTAL;2017;100,0
EMPLEO VINCULADO AL DEPORTE: Distribución porcentual;TOTAL;2016;100,0
EMPLEO VINCULADO AL DEPORTE: Distribución porcentual;TOTAL;2015;100,0
EMPLEO VINCULADO AL DEPORTE: Distribución porcentual;TOTAL;2014;100,0
EMPLEO VINCULADO AL DEPORTE: Distribución porcentual;TOTAL;2013;100,0
EMPLEO VINCULADO AL DEPORTE: Distribución porcentual;TOTAL;2012;100,0
EMPLEO VINCULADO AL DEPORTE: Distribución porcentual;TOTAL;2011;100,0
EMPLEO VINCULADO AL DEPORTE: Distribución porcentual;Hombres;2025;60,9
EMPLEO VINCULADO AL DEPORTE: Distribución porcentual;Hombres;2024;59,8
EMPLEO VINCULADO AL DEPORTE: Distribución porcentual;Hombres;2023;60,1
EMPLEO VINCULADO AL DEPORTE: Distribución porcentual;Hombres;2022;57,8
EMPLEO VINCULADO AL DEPORTE: Distribución porcentual;Hombres;2021;55,9
EMPLEO VINCULADO AL DEPORTE: Distribución porcentual;Hombres;2020;60,4
EMPLEO VINCULADO AL DEPORTE: Distribución porcentual;Hombres;2019;59,3
EMPLEO VINCULADO AL DEPORTE: Distribución porcentual;Hombres;2018;58,0
EMPLEO VINCULADO AL DEPORTE: Distribución porcentual;Hombres;2017;58,8
EMPLEO VINCULADO AL DEPORTE: Distribución porcentual;Hombres;2016;60,9
EMPLEO VINCULADO AL DEPORTE: Distribución porcentual;Hombres;2015;57,4
EMPLEO VINCULADO AL DEPORTE: Distribución porcentual;Hombres;2014;54,2
EMPLEO VINCULADO AL DEPORTE: Distribución porcentual;Hombres;2013;55,2
EMPLEO VINCULADO AL DEPORTE: Distribución porcentual;Hombres;2012;58,9
EMPLEO VINCULADO AL DEPORTE: Distribución porcentual;Hombres;2011;62,0
EMPLEO VINCULADO AL DEPORTE: Distribución porcentual;Mujeres;2025;39,1
EMPLEO VINCULADO AL DEPORTE: Distribución porcentual;Mujeres;2024;40,2
EMPLEO VINCULADO AL DEPORTE: Distribución porcentual;Mujeres;2023;39,9
EMPLEO VINCULADO AL DEPORTE: Distribución porcentual;Mujeres;2022;42,2
EMPLEO VINCULADO AL DEPORTE: Distribución porcentual;Mujeres;2021;44,1
EMPLEO VINCULADO AL DEPORTE: Distribución porcentual;Mujeres;2020;39,6
EMPLEO VINCULADO AL DEPORTE: Distribución porcentual;Mujeres;2019;40,7
EMPLEO VINCULADO AL DEPORTE: Distribución porcentual;Mujeres;2018;42,0
EMPLEO VINCULADO AL DEPORTE: Distribución porcentual;Mujeres;2017;41,2
EMPLEO VINCULADO AL DEPORTE: Distribución porcentual;Mujeres;2016;39,1
EMPLEO VINCULADO AL DEPORTE: Distribución porcentual;Mujeres;2015;42,6
EMPLEO VINCULADO AL DEPORTE: Distribución porcentual;Mujeres;2014;45,8
EMPLEO VINCULADO AL DEPORTE: Distribución porcentual;Mujeres;2013;44,8
EMPLEO VINCULADO AL DEPORTE: Distribución porcentual;Mujeres;2012;41,1
EMPLEO VINCULADO AL DEPORTE: Distribución porcentual;Mujeres;2011;38,0
EMPLEO VINCULADO AL DEPORTE: Distribución porcentual;De 16 a 24 ańos;2025;28,5
EMPLEO VINCULADO AL DEPORTE: Distribución porcentual;De 16 a 24 ańos;2024;28,3
EMPLEO VINCULADO AL DEPORTE: Distribución porcentual;De 16 a 24 ańos;2023;27,5
EMPLEO VINCULADO AL DEPORTE: Distribución porcentual;De 16 a 24 ańos;2022;22,4
EMPLEO VINCULADO AL DEPORTE: Distribución porcentual;De 16 a 24 ańos;2021;17,0
EMPLEO VINCULADO AL DEPORTE: Distribución porcentual;De 16 a 24 ańos;2020;15,6
EMPLEO VINCULADO AL DEPORTE: Distribución porcentual;De 16 a 24 ańos;2019;19,8
EMPLEO VINCULADO AL DEPORTE: Distribución porcentual;De 16 a 24 ańos;2018;19,7
EMPLEO VINCULADO AL DEPORTE: Distribución porcentual;De 16 a 24 ańos;2017;18,3
EMPLEO VINCULADO AL DEPORTE: Distribución porcentual;De 16 a 24 ańos;2016;19,0
EMPLEO VINCULADO AL DEPORTE: Distribución porcentual;De 16 a 24 ańos;2015;17,8
EMPLEO VINCULADO AL DEPORTE: Distribución porcentual;De 16 a 24 ańos;2014;17,5
EMPLEO VINCULADO AL DEPORTE: Distribución porcentual;De 16 a 24 ańos;2013;18,7
EMPLEO VINCULADO AL DEPORTE: Distribución porcentual;De 16 a 24 ańos;2012;19,4
EMPLEO VINCULADO AL DEPORTE: Distribución porcentual;De 16 a 24 ańos;2011;17,6
EMPLEO VINCULADO AL DEPORTE: Distribución porcentual;De 25 a 34 ańos;2025;25,4
EMPLEO VINCULADO AL DEPORTE: Distribución porcentual;De 25 a 34 ańos;2024;25,2
EMPLEO VINCULADO AL DEPORTE: Distribución porcentual;De 25 a 34 ańos;2023;26,9
EMPLEO VINCULADO AL DEPORTE: Distribución porcentual;De 25 a 34 ańos;2022;26,0
EMPLEO VINCULADO AL DEPORTE: Distribución porcentual;De 25 a 34 ańos;2021;30,0
EMPLEO VINCULADO AL DEPORTE: Distribución porcentual;De 25 a 34 ańos;2020;32,5
EMPLEO VINCULADO AL DEPORTE: Distribución porcentual;De 25 a 34 ańos;2019;30,9
EMPLEO VINCULADO AL DEPORTE: Distribución porcentual;De 25 a 34 ańos;2018;32,1
EMPLEO VINCULADO AL DEPORTE: Distribución porcentual;De 25 a 34 ańos;2017;33,9
EMPLEO VINCULADO AL DEPORTE: Distribución porcentual;De 25 a 34 ańos;2016;28,9
EMPLEO VINCULADO AL DEPORTE: Distribución porcentual;De 25 a 34 ańos;2015;31,7
EMPLEO VINCULADO AL DEPORTE: Distribución porcentual;De 25 a 34 ańos;2014;33,0
EMPLEO VINCULADO AL DEPORTE: Distribución porcentual;De 25 a 34 ańos;2013;33,7
EMPLEO VINCULADO AL DEPORTE: Distribución porcentual;De 25 a 34 ańos;2012;27,7
EMPLEO VINCULADO AL DEPORTE: Distribución porcentual;De 25 a 34 ańos;2011;31,9
EMPLEO VINCULADO AL DEPORTE: Distribución porcentual;De 35 a 44 ańos;2025;16,5
EMPLEO VINCULADO AL DEPORTE: Distribución porcentual;De 35 a 44 ańos;2024;17,8
EMPLEO VINCULADO AL DEPORTE: Distribución porcentual;De 35 a 44 ańos;2023;19,1
EMPLEO VINCULADO AL DEPORTE: Distribución porcentual;De 35 a 44 ańos;2022;21,9
EMPLEO VINCULADO AL DEPORTE: Distribución porcentual;De 35 a 44 ańos;2021;22,3
EMPLEO VINCULADO AL DEPORTE: Distribución porcentual;De 35 a 44 ańos;2020;22,4
EMPLEO VINCULADO AL DEPORTE: Distribución porcentual;De 35 a 44 ańos;2019;24,4
EMPLEO VINCULADO AL DEPORTE: Distribución porcentual;De 35 a 44 ańos;2018;24,2
EMPLEO VINCULADO AL DEPORTE: Distribución porcentual;De 35 a 44 ańos;2017;25,2
EMPLEO VINCULADO AL DEPORTE: Distribución porcentual;De 35 a 44 ańos;2016;24,7
EMPLEO VINCULADO AL DEPORTE: Distribución porcentual;De 35 a 44 ańos;2015;25,3
EMPLEO VINCULADO AL DEPORTE: Distribución porcentual;De 35 a 44 ańos;2014;25,9
EMPLEO VINCULADO AL DEPORTE: Distribución porcentual;De 35 a 44 ańos;2013;24,5
EMPLEO VINCULADO AL DEPORTE: Distribución porcentual;De 35 a 44 ańos;2012;25,6
EMPLEO VINCULADO AL DEPORTE: Distribución porcentual;De 35 a 44 ańos;2011;24,9
EMPLEO VINCULADO AL DEPORTE: Distribución porcentual;De 45 a 54 ańos;2025;19,8
EMPLEO VINCULADO AL DEPORTE: Distribución porcentual;De 45 a 54 ańos;2024;17,4
EMPLEO VINCULADO AL DEPORTE: Distribución porcentual;De 45 a 54 ańos;2023;15,4
EMPLEO VINCULADO AL DEPORTE: Distribución porcentual;De 45 a 54 ańos;2022;19,7
EMPLEO VINCULADO AL DEPORTE: Distribución porcentual;De 45 a 54 ańos;2021;22,0
EMPLEO VINCULADO AL DEPORTE: Distribución porcentual;De 45 a 54 ańos;2020;19,3
EMPLEO VINCULADO AL DEPORTE: Distribución porcentual;De 45 a 54 ańos;2019;16,9
EMPLEO VINCULADO AL DEPORTE: Distribución porcentual;De 45 a 54 ańos;2018;16,5
EMPLEO VINCULADO AL DEPORTE: Distribución porcentual;De 45 a 54 ańos;2017;15,5
EMPLEO VINCULADO AL DEPORTE: Distribución porcentual;De 45 a 54 ańos;2016;17,7
EMPLEO VINCULADO AL DEPORTE: Distribución porcentual;De 45 a 54 ańos;2015;17,2
EMPLEO VINCULADO AL DEPORTE: Distribución porcentual;De 45 a 54 ańos;2014;15,4
EMPLEO VINCULADO AL DEPORTE: Distribución porcentual;De 45 a 54 ańos;2013;16,5
EMPLEO VINCULADO AL DEPORTE: Distribución porcentual;De 45 a 54 ańos;2012;19,8
EMPLEO VINCULADO AL DEPORTE: Distribución porcentual;De 45 a 54 ańos;2011;18,4
EMPLEO VINCULADO AL DEPORTE: Distribución porcentual;De 55 ańos en adelante;2025;9,7
EMPLEO VINCULADO AL DEPORTE: Distribución porcentual;De 55 ańos en adelante;2024;11,2
EMPLEO VINCULADO AL DEPORTE: Distribución porcentual;De 55 ańos en adelante;2023;11,2
EMPLEO VINCULADO AL DEPORTE: Distribución porcentual;De 55 ańos en adelante;2022;10,0
EMPLEO VINCULADO AL DEPORTE: Distribución porcentual;De 55 ańos en adelante;2021;8,7
EMPLEO VINCULADO AL DEPORTE: Distribución porcentual;De 55 ańos en adelante;2020;10,3
EMPLEO VINCULADO AL DEPORTE: Distribución porcentual;De 55 ańos en adelante;2019;8,0
EMPLEO VINCULADO AL DEPORTE: Distribución porcentual;De 55 ańos en adelante;2018;7,6
EMPLEO VINCULADO AL DEPORTE: Distribución porcentual;De 55 ańos en adelante;2017;7,1
EMPLEO VINCULADO AL DEPORTE: Distribución porcentual;De 55 ańos en adelante;2016;9,7
EMPLEO VINCULADO AL DEPORTE: Distribución porcentual;De 55 ańos en adelante;2015;8,0
EMPLEO VINCULADO AL DEPORTE: Distribución porcentual;De 55 ańos en adelante;2014;8,3
EMPLEO VINCULADO AL DEPORTE: Distribución porcentual;De 55 ańos en adelante;2013;6,7
EMPLEO VINCULADO AL DEPORTE: Distribución porcentual;De 55 ańos en adelante;2012;7,5
EMPLEO VINCULADO AL DEPORTE: Distribución porcentual;De 55 ańos en adelante;2011;7,1
EMPLEO VINCULADO AL DEPORTE: Distribución porcentual;Primera etapa de educacion secundaria e inferior;2025;17,5
EMPLEO VINCULADO AL DEPORTE: Distribución porcentual;Primera etapa de educacion secundaria e inferior;2024;19,1
EMPLEO VINCULADO AL DEPORTE: Distribución porcentual;Primera etapa de educacion secundaria e inferior;2023;16,7
EMPLEO VINCULADO AL DEPORTE: Distribución porcentual;Primera etapa de educacion secundaria e inferior;2022;17,4
EMPLEO VINCULADO AL DEPORTE: Distribución porcentual;Primera etapa de educacion secundaria e inferior;2021;16,4
EMPLEO VINCULADO AL DEPORTE: Distribución porcentual;Primera etapa de educacion secundaria e inferior;2020;17,0
EMPLEO VINCULADO AL DEPORTE: Distribución porcentual;Primera etapa de educacion secundaria e inferior;2019;19,9
EMPLEO VINCULADO AL DEPORTE: Distribución porcentual;Primera etapa de educacion secundaria e inferior;2018;21,0
EMPLEO VINCULADO AL DEPORTE: Distribución porcentual;Primera etapa de educacion secundaria e inferior;2017;19,6
EMPLEO VINCULADO AL DEPORTE: Distribución porcentual;Primera etapa de educacion secundaria e inferior;2016;22,9
EMPLEO VINCULADO AL DEPORTE: Distribución porcentual;Primera etapa de educacion secundaria e inferior;2015;20,2
EMPLEO VINCULADO AL DEPORTE: Distribución porcentual;Primera etapa de educacion secundaria e inferior;2014;23,2
EMPLEO VINCULADO AL DEPORTE: Distribución porcentual;Primera etapa de educacion secundaria e inferior;2013;24,8
EMPLEO VINCULADO AL DEPORTE: Distribución porcentual;Primera etapa de educacion secundaria e inferior;2012;26,7
EMPLEO VINCULADO AL DEPORTE: Distribución porcentual;Primera etapa de educacion secundaria e inferior;2011;27,8
EMPLEO VINCULADO AL DEPORTE: Distribución porcentual;Segunda etapa de educación secundaria: Total;2025;31,2
EMPLEO VINCULADO AL DEPORTE: Distribución porcentual;Segunda etapa de educación secundaria: Total;2024;29,6
EMPLEO VINCULADO AL DEPORTE: Distribución porcentual;Segunda etapa de educación secundaria: Total;2023;33,2
EMPLEO VINCULADO AL DEPORTE: Distribución porcentual;Segunda etapa de educación secundaria: Total;2022;31,2
EMPLEO VINCULADO AL DEPORTE: Distribución porcentual;Segunda etapa de educación secundaria: Total;2021;29,1
EMPLEO VINCULADO AL DEPORTE: Distribución porcentual;Segunda etapa de educación secundaria: Total;2020;28,8
EMPLEO VINCULADO AL DEPORTE: Distribución porcentual;Segunda etapa de educación secundaria: Total;2019;26,7
EMPLEO VINCULADO AL DEPORTE: Distribución porcentual;Segunda etapa de educación secundaria: Total;2018;27,3
EMPLEO VINCULADO AL DEPORTE: Distribución porcentual;Segunda etapa de educación secundaria: Total;2017;27,3
EMPLEO VINCULADO AL DEPORTE: Distribución porcentual;Segunda etapa de educación secundaria: Total;2016;27,3
EMPLEO VINCULADO AL DEPORTE: Distribución porcentual;Segunda etapa de educación secundaria: Total;2015;29,8
EMPLEO VINCULADO AL DEPORTE: Distribución porcentual;Segunda etapa de educación secundaria: Total;2014;26,6
EMPLEO VINCULADO AL DEPORTE: Distribución porcentual;Segunda etapa de educación secundaria: Total;2013;28,1
EMPLEO VINCULADO AL DEPORTE: Distribución porcentual;Segunda etapa de educación secundaria: Total;2012;30,4
EMPLEO VINCULADO AL DEPORTE: Distribución porcentual;Segunda etapa de educación secundaria: Total;2011;31,5
EMPLEO VINCULADO AL DEPORTE: Distribución porcentual;Segunda etapa de educación secundaria: Orientación general;2025;22,0
EMPLEO VINCULADO AL DEPORTE: Distribución porcentual;Segunda etapa de educación secundaria: Orientación general;2024;20,5
EMPLEO VINCULADO AL DEPORTE: Distribución porcentual;Segunda etapa de educación secundaria: Orientación general;2023;23,2
EMPLEO VINCULADO AL DEPORTE: Distribución porcentual;Segunda etapa de educación secundaria: Orientación general;2022;20,5
EMPLEO VINCULADO AL DEPORTE: Distribución porcentual;Segunda etapa de educación secundaria: Orientación general;2021;20,9
EMPLEO VINCULADO AL DEPORTE: Distribución porcentual;Segunda etapa de educación secundaria: Orientación general;2020;19,8
EMPLEO VINCULADO AL DEPORTE: Distribución porcentual;Segunda etapa de educación secundaria: Orientación general;2019;18,3
EMPLEO VINCULADO AL DEPORTE: Distribución porcentual;Segunda etapa de educación secundaria: Orientación general;2018;18,9
EMPLEO VINCULADO AL DEPORTE: Distribución porcentual;Segunda etapa de educación secundaria: Orientación general;2017;21,7
EMPLEO VINCULADO AL DEPORTE: Distribución porcentual;Segunda etapa de educación secundaria: Orientación general;2016;21,0
EMPLEO VINCULADO AL DEPORTE: Distribución porcentual;Segunda etapa de educación secundaria: Orientación general;2015;20,5
EMPLEO VINCULADO AL DEPORTE: Distribución porcentual;Segunda etapa de educación secundaria: Orientación general;2014;17,7
EMPLEO VINCULADO AL DEPORTE: Distribución porcentual;Segunda etapa de educación secundaria: Orientación general;2013;19,1
EMPLEO VINCULADO AL DEPORTE: Distribución porcentual;Segunda etapa de educación secundaria: Orientación general;2012;21,0
EMPLEO VINCULADO AL DEPORTE: Distribución porcentual;Segunda etapa de educación secundaria: Orientación general;2011;23,9
EMPLEO VINCULADO AL DEPORTE: Distribución porcentual;Segunda etapa de educación secundaria: Orientación profesional;2025;9,2
EMPLEO VINCULADO AL DEPORTE: Distribución porcentual;Segunda etapa de educación secundaria: Orientación profesional;2024;9,1
EMPLEO VINCULADO AL DEPORTE: Distribución porcentual;Segunda etapa de educación secundaria: Orientación profesional;2023;10,0
EMPLEO VINCULADO AL DEPORTE: Distribución porcentual;Segunda etapa de educación secundaria: Orientación profesional;2022;10,7
EMPLEO VINCULADO AL DEPORTE: Distribución porcentual;Segunda etapa de educación secundaria: Orientación profesional;2021;8,2
EMPLEO VINCULADO AL DEPORTE: Distribución porcentual;Segunda etapa de educación secundaria: Orientación profesional;2020;9,0
EMPLEO VINCULADO AL DEPORTE: Distribución porcentual;Segunda etapa de educación secundaria: Orientación profesional;2019;8,4
EMPLEO VINCULADO AL DEPORTE: Distribución porcentual;Segunda etapa de educación secundaria: Orientación profesional;2018;8,5
EMPLEO VINCULADO AL DEPORTE: Distribución porcentual;Segunda etapa de educación secundaria: Orientación profesional;2017;5,6
EMPLEO VINCULADO AL DEPORTE: Distribución porcentual;Segunda etapa de educación secundaria: Orientación profesional;2016;6,3
EMPLEO VINCULADO AL DEPORTE: Distribución porcentual;Segunda etapa de educación secundaria: Orientación profesional;2015;9,3
EMPLEO VINCULADO AL DEPORTE: Distribución porcentual;Segunda etapa de educación secundaria: Orientación profesional;2014;8,8
EMPLEO VINCULADO AL DEPORTE: Distribución porcentual;Segunda etapa de educación secundaria: Orientación profesional;2013;9,0
EMPLEO VINCULADO AL DEPORTE: Distribución porcentual;Segunda etapa de educación secundaria: Orientación profesional;2012;9,4
EMPLEO VINCULADO AL DEPORTE: Distribución porcentual;Segunda etapa de educación secundaria: Orientación profesional;2011;7,6
EMPLEO VINCULADO AL DEPORTE: Distribución porcentual;Educación superior o equivalente;2025;51,3
EMPLEO VINCULADO AL DEPORTE: Distribución porcentual;Educación superior o equivalente;2024;51,4
EMPLEO VINCULADO AL DEPORTE: Distribución porcentual;Educación superior o equivalente;2023;50,1
EMPLEO VINCULADO AL DEPORTE: Distribución porcentual;Educación superior o equivalente;2022;51,3
EMPLEO VINCULADO AL DEPORTE: Distribución porcentual;Educación superior o equivalente;2021;54,5
EMPLEO VINCULADO AL DEPORTE: Distribución porcentual;Educación superior o equivalente;2020;54,2
EMPLEO VINCULADO AL DEPORTE: Distribución porcentual;Educación superior o equivalente;2019;53,5
EMPLEO VINCULADO AL DEPORTE: Distribución porcentual;Educación superior o equivalente;2018;51,6
EMPLEO VINCULADO AL DEPORTE: Distribución porcentual;Educación superior o equivalente;2017;53,0
EMPLEO VINCULADO AL DEPORTE: Distribución porcentual;Educación superior o equivalente;2016;49,8
EMPLEO VINCULADO AL DEPORTE: Distribución porcentual;Educación superior o equivalente;2015;50,1
EMPLEO VINCULADO AL DEPORTE: Distribución porcentual;Educación superior o equivalente;2014;50,3
EMPLEO VINCULADO AL DEPORTE: Distribución porcentual;Educación superior o equivalente;2013;47,1
EMPLEO VINCULADO AL DEPORTE: Distribución porcentual;Educación superior o equivalente;2012;42,9
EMPLEO VINCULADO AL DEPORTE: Distribución porcentual;Educación superior o equivalente;2011;40,7
DISTRIBUCIÓN PORCENTUAL DEL EMPLEO TOTAL;TOTAL;2025;100,0
DISTRIBUCIÓN PORCENTUAL DEL EMPLEO TOTAL;TOTAL;2024;100,0
DISTRIBUCIÓN PORCENTUAL DEL EMPLEO TOTAL;TOTAL;2023;100,0
DISTRIBUCIÓN PORCENTUAL DEL EMPLEO TOTAL;TOTAL;2022;100,0
DISTRIBUCIÓN PORCENTUAL DEL EMPLEO TOTAL;TOTAL;2021;100,0
DISTRIBUCIÓN PORCENTUAL DEL EMPLEO TOTAL;TOTAL;2020;100,0
DISTRIBUCIÓN PORCENTUAL DEL EMPLEO TOTAL;TOTAL;2019;100,0
DISTRIBUCIÓN PORCENTUAL DEL EMPLEO TOTAL;TOTAL;2018;100,0
DISTRIBUCIÓN PORCENTUAL DEL EMPLEO TOTAL;TOTAL;2017;100,0
DISTRIBUCIÓN PORCENTUAL DEL EMPLEO TOTAL;TOTAL;2016;100,0
DISTRIBUCIÓN PORCENTUAL DEL EMPLEO TOTAL;TOTAL;2015;100,0
DISTRIBUCIÓN PORCENTUAL DEL EMPLEO TOTAL;TOTAL;2014;100,0
DISTRIBUCIÓN PORCENTUAL DEL EMPLEO TOTAL;TOTAL;2013;100,0
DISTRIBUCIÓN PORCENTUAL DEL EMPLEO TOTAL;TOTAL;2012;100,0
DISTRIBUCIÓN PORCENTUAL DEL EMPLEO TOTAL;TOTAL;2011;100,0
DISTRIBUCIÓN PORCENTUAL DEL EMPLEO TOTAL;Hombres;2025;53,4
DISTRIBUCIÓN PORCENTUAL DEL EMPLEO TOTAL;Hombres;2024;53,6
DISTRIBUCIÓN PORCENTUAL DEL EMPLEO TOTAL;Hombres;2023;53,7
DISTRIBUCIÓN PORCENTUAL DEL EMPLEO TOTAL;Hombres;2022;54,1
DISTRIBUCIÓN PORCENTUAL DEL EMPLEO TOTAL;Hombres;2021;54,1
DISTRIBUCIÓN PORCENTUAL DEL EMPLEO TOTAL;Hombres;2020;54,3
DISTRIBUCIÓN PORCENTUAL DEL EMPLEO TOTAL;Hombres;2019;54,3
DISTRIBUCIÓN PORCENTUAL DEL EMPLEO TOTAL;Hombres;2018;54,5
DISTRIBUCIÓN PORCENTUAL DEL EMPLEO TOTAL;Hombres;2017;54,5
DISTRIBUCIÓN PORCENTUAL DEL EMPLEO TOTAL;Hombres;2016;54,5
DISTRIBUCIÓN PORCENTUAL DEL EMPLEO TOTAL;Hombres;2015;54,6
DISTRIBUCIÓN PORCENTUAL DEL EMPLEO TOTAL;Hombres;2014;54,4
DISTRIBUCIÓN PORCENTUAL DEL EMPLEO TOTAL;Hombres;2013;54,4
DISTRIBUCIÓN PORCENTUAL DEL EMPLEO TOTAL;Hombres;2012;54,5
DISTRIBUCIÓN PORCENTUAL DEL EMPLEO TOTAL;Hombres;2011;55,1
DISTRIBUCIÓN PORCENTUAL DEL EMPLEO TOTAL;Mujeres;2025;46,6
DISTRIBUCIÓN PORCENTUAL DEL EMPLEO TOTAL;Mujeres;2024;46,4
DISTRIBUCIÓN PORCENTUAL DEL EMPLEO TOTAL;Mujeres;2023;46,3
DISTRIBUCIÓN PORCENTUAL DEL EMPLEO TOTAL;Mujeres;2022;45,9
DISTRIBUCIÓN PORCENTUAL DEL EMPLEO TOTAL;Mujeres;2021;45,9
DISTRIBUCIÓN PORCENTUAL DEL EMPLEO TOTAL;Mujeres;2020;45,7
DISTRIBUCIÓN PORCENTUAL DEL EMPLEO TOTAL;Mujeres;2019;45,7
DISTRIBUCIÓN PORCENTUAL DEL EMPLEO TOTAL;Mujeres;2018;45,5
DISTRIBUCIÓN PORCENTUAL DEL EMPLEO TOTAL;Mujeres;2017;45,5
DISTRIBUCIÓN PORCENTUAL DEL EMPLEO TOTAL;Mujeres;2016;45,5
DISTRIBUCIÓN PORCENTUAL DEL EMPLEO TOTAL;Mujeres;2015;45,4
DISTRIBUCIÓN PORCENTUAL DEL EMPLEO TOTAL;Mujeres;2014;45,6
DISTRIBUCIÓN PORCENTUAL DEL EMPLEO TOTAL;Mujeres;2013;45,6
DISTRIBUCIÓN PORCENTUAL DEL EMPLEO TOTAL;Mujeres;2012;45,5
DISTRIBUCIÓN PORCENTUAL DEL EMPLEO TOTAL;Mujeres;2011;44,9
DISTRIBUCIÓN PORCENTUAL DEL EMPLEO TOTAL;De 16 a 24 ańos;2025;6,2
DISTRIBUCIÓN PORCENTUAL DEL EMPLEO TOTAL;De 16 a 24 ańos;2024;6,1
DISTRIBUCIÓN PORCENTUAL DEL EMPLEO TOTAL;De 16 a 24 ańos;2023;5,7
DISTRIBUCIÓN PORCENTUAL DEL EMPLEO TOTAL;De 16 a 24 ańos;2022;5,5
DISTRIBUCIÓN PORCENTUAL DEL EMPLEO TOTAL;De 16 a 24 ańos;2021;5,0
DISTRIBUCIÓN PORCENTUAL DEL EMPLEO TOTAL;De 16 a 24 ańos;2020;4,6
DISTRIBUCIÓN PORCENTUAL DEL EMPLEO TOTAL;De 16 a 24 ańos;2019;5,3
DISTRIBUCIÓN PORCENTUAL DEL EMPLEO TOTAL;De 16 a 24 ańos;2018;5,1
DISTRIBUCIÓN PORCENTUAL DEL EMPLEO TOTAL;De 16 a 24 ańos;2017;4,9
DISTRIBUCIÓN PORCENTUAL DEL EMPLEO TOTAL;De 16 a 24 ańos;2016;4,5
DISTRIBUCIÓN PORCENTUAL DEL EMPLEO TOTAL;De 16 a 24 ańos;2015;4,5
DISTRIBUCIÓN PORCENTUAL DEL EMPLEO TOTAL;De 16 a 24 ańos;2014;4,3
DISTRIBUCIÓN PORCENTUAL DEL EMPLEO TOTAL;De 16 a 24 ańos;2013;4,5
DISTRIBUCIÓN PORCENTUAL DEL EMPLEO TOTAL;De 16 a 24 ańos;2012;4,8
DISTRIBUCIÓN PORCENTUAL DEL EMPLEO TOTAL;De 16 a 24 ańos;2011;5,7
DISTRIBUCIÓN PORCENTUAL DEL EMPLEO TOTAL;De 25 a 34 ańos;2025;19,2
DISTRIBUCIÓN PORCENTUAL DEL EMPLEO TOTAL;De 25 a 34 ańos;2024;18,9
DISTRIBUCIÓN PORCENTUAL DEL EMPLEO TOTAL;De 25 a 34 ańos;2023;19,1
DISTRIBUCIÓN PORCENTUAL DEL EMPLEO TOTAL;De 25 a 34 ańos;2022;18,9
DISTRIBUCIÓN PORCENTUAL DEL EMPLEO TOTAL;De 25 a 34 ańos;2021;18,6
DISTRIBUCIÓN PORCENTUAL DEL EMPLEO TOTAL;De 25 a 34 ańos;2020;18,6
DISTRIBUCIÓN PORCENTUAL DEL EMPLEO TOTAL;De 25 a 34 ańos;2019;19,3
DISTRIBUCIÓN PORCENTUAL DEL EMPLEO TOTAL;De 25 a 34 ańos;2018;19,6
DISTRIBUCIÓN PORCENTUAL DEL EMPLEO TOTAL;De 25 a 34 ańos;2017;20,0
DISTRIBUCIÓN PORCENTUAL DEL EMPLEO TOTAL;De 25 a 34 ańos;2016;20,6
DISTRIBUCIÓN PORCENTUAL DEL EMPLEO TOTAL;De 25 a 34 ańos;2015;21,5
DISTRIBUCIÓN PORCENTUAL DEL EMPLEO TOTAL;De 25 a 34 ańos;2014;22,6
DISTRIBUCIÓN PORCENTUAL DEL EMPLEO TOTAL;De 25 a 34 ańos;2013;23,4
DISTRIBUCIÓN PORCENTUAL DEL EMPLEO TOTAL;De 25 a 34 ańos;2012;24,6
DISTRIBUCIÓN PORCENTUAL DEL EMPLEO TOTAL;De 25 a 34 ańos;2011;25,9
DISTRIBUCIÓN PORCENTUAL DEL EMPLEO TOTAL;De 35 a 44 ańos;2025;23,9
DISTRIBUCIÓN PORCENTUAL DEL EMPLEO TOTAL;De 35 a 44 ańos;2024;24,7
DISTRIBUCIÓN PORCENTUAL DEL EMPLEO TOTAL;De 35 a 44 ańos;2023;25,6
DISTRIBUCIÓN PORCENTUAL DEL EMPLEO TOTAL;De 35 a 44 ańos;2022;26,5
DISTRIBUCIÓN PORCENTUAL DEL EMPLEO TOTAL;De 35 a 44 ańos;2021;27,7
DISTRIBUCIÓN PORCENTUAL DEL EMPLEO TOTAL;De 35 a 44 ańos;2020;28,5
DISTRIBUCIÓN PORCENTUAL DEL EMPLEO TOTAL;De 35 a 44 ańos;2019;29,3
DISTRIBUCIÓN PORCENTUAL DEL EMPLEO TOTAL;De 35 a 44 ańos;2018;30,3
DISTRIBUCIÓN PORCENTUAL DEL EMPLEO TOTAL;De 35 a 44 ańos;2017;31,0
DISTRIBUCIÓN PORCENTUAL DEL EMPLEO TOTAL;De 35 a 44 ańos;2016;31,6
DISTRIBUCIÓN PORCENTUAL DEL EMPLEO TOTAL;De 35 a 44 ańos;2015;31,8
DISTRIBUCIÓN PORCENTUAL DEL EMPLEO TOTAL;De 35 a 44 ańos;2014;31,9
DISTRIBUCIÓN PORCENTUAL DEL EMPLEO TOTAL;De 35 a 44 ańos;2013;31,7
DISTRIBUCIÓN PORCENTUAL DEL EMPLEO TOTAL;De 35 a 44 ańos;2012;31,2
DISTRIBUCIÓN PORCENTUAL DEL EMPLEO TOTAL;De 35 a 44 ańos;2011;30,5
DISTRIBUCIÓN PORCENTUAL DEL EMPLEO TOTAL;De 45 a 54 ańos;2025;29,0
DISTRIBUCIÓN PORCENTUAL DEL EMPLEO TOTAL;De 45 a 54 ańos;2024;29,2
DISTRIBUCIÓN PORCENTUAL DEL EMPLEO TOTAL;De 45 a 54 ańos;2023;29,0
DISTRIBUCIÓN PORCENTUAL DEL EMPLEO TOTAL;De 45 a 54 ańos;2022;29,0
DISTRIBUCIÓN PORCENTUAL DEL EMPLEO TOTAL;De 45 a 54 ańos;2021;29,1
DISTRIBUCIÓN PORCENTUAL DEL EMPLEO TOTAL;De 45 a 54 ańos;2020;29,0
DISTRIBUCIÓN PORCENTUAL DEL EMPLEO TOTAL;De 45 a 54 ańos;2019;28,3
DISTRIBUCIÓN PORCENTUAL DEL EMPLEO TOTAL;De 45 a 54 ańos;2018;27,9
DISTRIBUCIÓN PORCENTUAL DEL EMPLEO TOTAL;De 45 a 54 ańos;2017;27,6
DISTRIBUCIÓN PORCENTUAL DEL EMPLEO TOTAL;De 45 a 54 ańos;2016;27,3
DISTRIBUCIÓN PORCENTUAL DEL EMPLEO TOTAL;De 45 a 54 ańos;2015;26,8
DISTRIBUCIÓN PORCENTUAL DEL EMPLEO TOTAL;De 45 a 54 ańos;2014;26,6
DISTRIBUCIÓN PORCENTUAL DEL EMPLEO TOTAL;De 45 a 54 ańos;2013;26,2
DISTRIBUCIÓN PORCENTUAL DEL EMPLEO TOTAL;De 45 a 54 ańos;2012;25,6
DISTRIBUCIÓN PORCENTUAL DEL EMPLEO TOTAL;De 45 a 54 ańos;2011;24,7
DISTRIBUCIÓN PORCENTUAL DEL EMPLEO TOTAL;De 55 ańos en adelante;2025;21,7
DISTRIBUCIÓN PORCENTUAL DEL EMPLEO TOTAL;De 55 ańos en adelante;2024;21,1
DISTRIBUCIÓN PORCENTUAL DEL EMPLEO TOTAL;De 55 ańos en adelante;2023;20,6
DISTRIBUCIÓN PORCENTUAL DEL EMPLEO TOTAL;De 55 ańos en adelante;2022;20,1
DISTRIBUCIÓN PORCENTUAL DEL EMPLEO TOTAL;De 55 ańos en adelante;2021;19,7
DISTRIBUCIÓN PORCENTUAL DEL EMPLEO TOTAL;De 55 ańos en adelante;2020;19,3
DISTRIBUCIÓN PORCENTUAL DEL EMPLEO TOTAL;De 55 ańos en adelante;2019;17,8
DISTRIBUCIÓN PORCENTUAL DEL EMPLEO TOTAL;De 55 ańos en adelante;2018;17,1
DISTRIBUCIÓN PORCENTUAL DEL EMPLEO TOTAL;De 55 ańos en adelante;2017;16,6
DISTRIBUCIÓN PORCENTUAL DEL EMPLEO TOTAL;De 55 ańos en adelante;2016;16,1
DISTRIBUCIÓN PORCENTUAL DEL EMPLEO TOTAL;De 55 ańos en adelante;2015;15,4
DISTRIBUCIÓN PORCENTUAL DEL EMPLEO TOTAL;De 55 ańos en adelante;2014;14,6
DISTRIBUCIÓN PORCENTUAL DEL EMPLEO TOTAL;De 55 ańos en adelante;2013;14,2
DISTRIBUCIÓN PORCENTUAL DEL EMPLEO TOTAL;De 55 ańos en adelante;2012;13,9
DISTRIBUCIÓN PORCENTUAL DEL EMPLEO TOTAL;De 55 ańos en adelante;2011;13,2
DISTRIBUCIÓN PORCENTUAL DEL EMPLEO TOTAL;Primera etapa de educacion secundaria e inferior;2025;29,1
DISTRIBUCIÓN PORCENTUAL DEL EMPLEO TOTAL;Primera etapa de educacion secundaria e inferior;2024;29,4
DISTRIBUCIÓN PORCENTUAL DEL EMPLEO TOTAL;Primera etapa de educacion secundaria e inferior;2023;29,9
DISTRIBUCIÓN PORCENTUAL DEL EMPLEO TOTAL;Primera etapa de educacion secundaria e inferior;2022;30,1
DISTRIBUCIÓN PORCENTUAL DEL EMPLEO TOTAL;Primera etapa de educacion secundaria e inferior;2021;30,0
DISTRIBUCIÓN PORCENTUAL DEL EMPLEO TOTAL;Primera etapa de educacion secundaria e inferior;2020;30,6
DISTRIBUCIÓN PORCENTUAL DEL EMPLEO TOTAL;Primera etapa de educacion secundaria e inferior;2019;32,3
DISTRIBUCIÓN PORCENTUAL DEL EMPLEO TOTAL;Primera etapa de educacion secundaria e inferior;2018;33,1
DISTRIBUCIÓN PORCENTUAL DEL EMPLEO TOTAL;Primera etapa de educacion secundaria e inferior;2017;33,6
DISTRIBUCIÓN PORCENTUAL DEL EMPLEO TOTAL;Primera etapa de educacion secundaria e inferior;2016;34,0
DISTRIBUCIÓN PORCENTUAL DEL EMPLEO TOTAL;Primera etapa de educacion secundaria e inferior;2015;34,3
DISTRIBUCIÓN PORCENTUAL DEL EMPLEO TOTAL;Primera etapa de educacion secundaria e inferior;2014;34,6
DISTRIBUCIÓN PORCENTUAL DEL EMPLEO TOTAL;Primera etapa de educacion secundaria e inferior;2013;35,6
DISTRIBUCIÓN PORCENTUAL DEL EMPLEO TOTAL;Primera etapa de educacion secundaria e inferior;2012;36,5
DISTRIBUCIÓN PORCENTUAL DEL EMPLEO TOTAL;Primera etapa de educacion secundaria e inferior;2011;38,0
DISTRIBUCIÓN PORCENTUAL DEL EMPLEO TOTAL;Segunda etapa de educación secundaria: Total;2025;23,9
DISTRIBUCIÓN PORCENTUAL DEL EMPLEO TOTAL;Segunda etapa de educación secundaria: Total;2024;24,0
DISTRIBUCIÓN PORCENTUAL DEL EMPLEO TOTAL;Segunda etapa de educación secundaria: Total;2023;23,7
DISTRIBUCIÓN PORCENTUAL DEL EMPLEO TOTAL;Segunda etapa de educación secundaria: Total;2022;23,9
DISTRIBUCIÓN PORCENTUAL DEL EMPLEO TOTAL;Segunda etapa de educación secundaria: Total;2021;24,0
DISTRIBUCIÓN PORCENTUAL DEL EMPLEO TOTAL;Segunda etapa de educación secundaria: Total;2020;23,9
DISTRIBUCIÓN PORCENTUAL DEL EMPLEO TOTAL;Segunda etapa de educación secundaria: Total;2019;23,9
DISTRIBUCIÓN PORCENTUAL DEL EMPLEO TOTAL;Segunda etapa de educación secundaria: Total;2018;24,0
DISTRIBUCIÓN PORCENTUAL DEL EMPLEO TOTAL;Segunda etapa de educación secundaria: Total;2017;23,9
DISTRIBUCIÓN PORCENTUAL DEL EMPLEO TOTAL;Segunda etapa de educación secundaria: Total;2016;23,9
DISTRIBUCIÓN PORCENTUAL DEL EMPLEO TOTAL;Segunda etapa de educación secundaria: Total;2015;23,8
DISTRIBUCIÓN PORCENTUAL DEL EMPLEO TOTAL;Segunda etapa de educación secundaria: Total;2014;23,4
DISTRIBUCIÓN PORCENTUAL DEL EMPLEO TOTAL;Segunda etapa de educación secundaria: Total;2013;23,2
DISTRIBUCIÓN PORCENTUAL DEL EMPLEO TOTAL;Segunda etapa de educación secundaria: Total;2012;23,8
DISTRIBUCIÓN PORCENTUAL DEL EMPLEO TOTAL;Segunda etapa de educación secundaria: Total;2011;23,7
DISTRIBUCIÓN PORCENTUAL DEL EMPLEO TOTAL;Segunda etapa de educación secundaria: Orientación general;2025;13,4
DISTRIBUCIÓN PORCENTUAL DEL EMPLEO TOTAL;Segunda etapa de educación secundaria: Orientación general;2024;13,4
DISTRIBUCIÓN PORCENTUAL DEL EMPLEO TOTAL;Segunda etapa de educación secundaria: Orientación general;2023;13,3
DISTRIBUCIÓN PORCENTUAL DEL EMPLEO TOTAL;Segunda etapa de educación secundaria: Orientación general;2022;13,6
DISTRIBUCIÓN PORCENTUAL DEL EMPLEO TOTAL;Segunda etapa de educación secundaria: Orientación general;2021;13,6
DISTRIBUCIÓN PORCENTUAL DEL EMPLEO TOTAL;Segunda etapa de educación secundaria: Orientación general;2020;13,6
DISTRIBUCIÓN PORCENTUAL DEL EMPLEO TOTAL;Segunda etapa de educación secundaria: Orientación general;2019;13,9
DISTRIBUCIÓN PORCENTUAL DEL EMPLEO TOTAL;Segunda etapa de educación secundaria: Orientación general;2018;13,8
DISTRIBUCIÓN PORCENTUAL DEL EMPLEO TOTAL;Segunda etapa de educación secundaria: Orientación general;2017;14,2
DISTRIBUCIÓN PORCENTUAL DEL EMPLEO TOTAL;Segunda etapa de educación secundaria: Orientación general;2016;14,2
DISTRIBUCIÓN PORCENTUAL DEL EMPLEO TOTAL;Segunda etapa de educación secundaria: Orientación general;2015;14,2
DISTRIBUCIÓN PORCENTUAL DEL EMPLEO TOTAL;Segunda etapa de educación secundaria: Orientación general;2014;14,2
DISTRIBUCIÓN PORCENTUAL DEL EMPLEO TOTAL;Segunda etapa de educación secundaria: Orientación general;2013;13,8
DISTRIBUCIÓN PORCENTUAL DEL EMPLEO TOTAL;Segunda etapa de educación secundaria: Orientación general;2012;14,6
DISTRIBUCIÓN PORCENTUAL DEL EMPLEO TOTAL;Segunda etapa de educación secundaria: Orientación general;2011;14,8
DISTRIBUCIÓN PORCENTUAL DEL EMPLEO TOTAL;Segunda etapa de educación secundaria: Orientación profesional;2025;10,5
DISTRIBUCIÓN PORCENTUAL DEL EMPLEO TOTAL;Segunda etapa de educación secundaria: Orientación profesional;2024;10,6
DISTRIBUCIÓN PORCENTUAL DEL EMPLEO TOTAL;Segunda etapa de educación secundaria: Orientación profesional;2023;10,4
DISTRIBUCIÓN PORCENTUAL DEL EMPLEO TOTAL;Segunda etapa de educación secundaria: Orientación profesional;2022;10,3
DISTRIBUCIÓN PORCENTUAL DEL EMPLEO TOTAL;Segunda etapa de educación secundaria: Orientación profesional;2021;10,4
DISTRIBUCIÓN PORCENTUAL DEL EMPLEO TOTAL;Segunda etapa de educación secundaria: Orientación profesional;2020;10,3
DISTRIBUCIÓN PORCENTUAL DEL EMPLEO TOTAL;Segunda etapa de educación secundaria: Orientación profesional;2019;10,0
DISTRIBUCIÓN PORCENTUAL DEL EMPLEO TOTAL;Segunda etapa de educación secundaria: Orientación profesional;2018;10,1
DISTRIBUCIÓN PORCENTUAL DEL EMPLEO TOTAL;Segunda etapa de educación secundaria: Orientación profesional;2017;9,7
DISTRIBUCIÓN PORCENTUAL DEL EMPLEO TOTAL;Segunda etapa de educación secundaria: Orientación profesional;2016;9,7
DISTRIBUCIÓN PORCENTUAL DEL EMPLEO TOTAL;Segunda etapa de educación secundaria: Orientación profesional;2015;9,6
DISTRIBUCIÓN PORCENTUAL DEL EMPLEO TOTAL;Segunda etapa de educación secundaria: Orientación profesional;2014;9,2
DISTRIBUCIÓN PORCENTUAL DEL EMPLEO TOTAL;Segunda etapa de educación secundaria: Orientación profesional;2013;9,4
DISTRIBUCIÓN PORCENTUAL DEL EMPLEO TOTAL;Segunda etapa de educación secundaria: Orientación profesional;2012;9,2
DISTRIBUCIÓN PORCENTUAL DEL EMPLEO TOTAL;Segunda etapa de educación secundaria: Orientación profesional;2011;8,9
DISTRIBUCIÓN PORCENTUAL DEL EMPLEO TOTAL;Educación superior o equivalente;2025;46,9
DISTRIBUCIÓN PORCENTUAL DEL EMPLEO TOTAL;Educación superior o equivalente;2024;46,7
DISTRIBUCIÓN PORCENTUAL DEL EMPLEO TOTAL;Educación superior o equivalente;2023;46,3
DISTRIBUCIÓN PORCENTUAL DEL EMPLEO TOTAL;Educación superior o equivalente;2022;46,0
DISTRIBUCIÓN PORCENTUAL DEL EMPLEO TOTAL;Educación superior o equivalente;2021;46,0
DISTRIBUCIÓN PORCENTUAL DEL EMPLEO TOTAL;Educación superior o equivalente;2020;45,5
DISTRIBUCIÓN PORCENTUAL DEL EMPLEO TOTAL;Educación superior o equivalente;2019;43,8
DISTRIBUCIÓN PORCENTUAL DEL EMPLEO TOTAL;Educación superior o equivalente;2018;42,9
DISTRIBUCIÓN PORCENTUAL DEL EMPLEO TOTAL;Educación superior o equivalente;2017;42,5
DISTRIBUCIÓN PORCENTUAL DEL EMPLEO TOTAL;Educación superior o equivalente;2016;42,1
DISTRIBUCIÓN PORCENTUAL DEL EMPLEO TOTAL;Educación superior o equivalente;2015;41,9
DISTRIBUCIÓN PORCENTUAL DEL EMPLEO TOTAL;Educación superior o equivalente;2014;42,0
DISTRIBUCIÓN PORCENTUAL DEL EMPLEO TOTAL;Educación superior o equivalente;2013;41,2
DISTRIBUCIÓN PORCENTUAL DEL EMPLEO TOTAL;Educación superior o equivalente;2012;39,8
DISTRIBUCIÓN PORCENTUAL DEL EMPLEO TOTAL;Educación superior o equivalente;2011;38,3
